File ID	File Name	Data Category	Data Type	Project ID	Case ID	Sample ID	Sample Type
12476760-fad2-4f0b-b591-571db724bb94	2d030796-7518-4d42-8c56-d156630b754e.FPKM.txt.gz	Transcriptome Profiling	Gene Expression Quantification	TARGET-NBL	TARGET-30-PASUYG	TARGET-30-PASUYG-01A	Primary Tumor
367d801a-9154-4a2f-9902-011c43648af9	5896ff4b-fc47-47da-bcec-20d113c5b088.FPKM.txt.gz	Transcriptome Profiling	Gene Expression Quantification	TARGET-NBL	TARGET-30-PANWRR	TARGET-30-PANWRR-01A	Primary Tumor
992b6934-e946-4bf0-9250-2a9cf0568ec2	fa6a16c4-9eb9-4f04-a784-1a84f57cb479.FPKM.txt.gz	Transcriptome Profiling	Gene Expression Quantification	TARGET-NBL, TARGET-NBL	TARGET-30-PAPEAV, TARGET-30-PAPTFZ	TARGET-30-PAPEAV-01A, TARGET-30-PAPTFZ-01A	Primary Tumor, Primary Tumor
e4142ffb-790d-4c91-930b-8db0d3eb330a	aa9a48f3-f369-405a-9a4d-2ec5020f1980.FPKM.txt.gz	Transcriptome Profiling	Gene Expression Quantification	TARGET-NBL	TARGET-30-PARGKK	TARGET-30-PARGKK-01A	Primary Tumor
85cdf54d-8945-4c46-974f-73da40bab0ad	de373a05-1b10-43c1-8824-e63fb87e706e.FPKM.txt.gz	Transcriptome Profiling	Gene Expression Quantification	TARGET-NBL	TARGET-30-PAPEFE	TARGET-30-PAPEFE-01A	Primary Tumor
2a488529-e555-46f0-b538-ee9c9ccc5345	c89b6a61-ea39-47aa-bd62-69f78275497f.FPKM.txt.gz	Transcriptome Profiling	Gene Expression Quantification	TARGET-NBL	TARGET-30-PASNEF	TARGET-30-PASNEF-01A	Primary Tumor
7f449457-3a65-4ecd-9726-a1a5c29232e3	5be3488c-0fd3-4130-b941-4c01430f2cee.FPKM.txt.gz	Transcriptome Profiling	Gene Expression Quantification	TARGET-NBL	TARGET-30-PASTKC	TARGET-30-PASTKC-01A	Primary Tumor
5df4b66f-e4a1-4568-b3a0-35e12a067433	9f319663-ea43-4e7f-b0f1-fce782186c12.FPKM.txt.gz	Transcriptome Profiling	Gene Expression Quantification	TARGET-NBL	TARGET-30-PASUCB	TARGET-30-PASUCB-01A	Primary Tumor
fd863b66-ccc8-42e1-8834-515b790b4835	f5bcd5f6-3c83-4e57-b572-b46ef606b702.FPKM.txt.gz	Transcriptome Profiling	Gene Expression Quantification	TARGET-NBL	TARGET-30-PARKGJ	TARGET-30-PARKGJ-01A	Primary Tumor
2e0d70bd-1bed-4d45-8b8b-f71f6c0528e5	ab9d872b-8e15-4be1-8c9c-d32442aebe64.FPKM.txt.gz	Transcriptome Profiling	Gene Expression Quantification	TARGET-NBL	TARGET-30-PASXHE	TARGET-30-PASXHE-01A	Primary Tumor
6c55c69f-1d0b-409f-b631-03bf094887c2	a2043703-78e0-40b6-8160-07ad44003f10.FPKM.txt.gz	Transcriptome Profiling	Gene Expression Quantification	TARGET-NBL	TARGET-30-PASPER	TARGET-30-PASPER-01A	Primary Tumor
4ba76179-7a27-453d-8ea3-01e6c3b3d2f8	1fd07773-7eb7-455a-95f9-f7dc88c2e5af.FPKM.txt.gz	Transcriptome Profiling	Gene Expression Quantification	TARGET-NBL	TARGET-30-PASPBZ	TARGET-30-PASPBZ-01A	Primary Tumor
a772c239-30a5-4aca-b55a-86fa57eb21ab	66973fbc-5120-4834-8469-747d43d4ea2c.FPKM.txt.gz	Transcriptome Profiling	Gene Expression Quantification	TARGET-NBL	TARGET-30-PATYIL	TARGET-30-PATYIL-02A	Recurrent Tumor
17cc50d7-6845-45cd-a21e-932facae97a5	73a28323-20a9-4d5b-a6db-1101ad76dd89.FPKM.txt.gz	Transcriptome Profiling	Gene Expression Quantification	TARGET-NBL	TARGET-30-PARHAM	TARGET-30-PARHAM-02A	Recurrent Tumor
3519fe52-5be9-4c8e-9d13-abc64ff94fba	398b3c02-17e5-468b-92d6-40b063644fbf.FPKM.txt.gz	Transcriptome Profiling	Gene Expression Quantification	TARGET-NBL	TARGET-30-PARAMT	TARGET-30-PARAMT-01A	Primary Tumor
f31e077a-27b5-4b75-9e5d-72a4d60a4a0b	0847c989-b34f-4bbb-9637-d030a8cc6a55.FPKM.txt.gz	Transcriptome Profiling	Gene Expression Quantification	TARGET-NBL	TARGET-30-PASMNT	TARGET-30-PASMNT-01A	Primary Tumor
91c73383-e110-4805-9d44-27f2dbd0fcf6	7ec7718b-cc73-4bfd-beb5-6906fe8a2b7f.FPKM.txt.gz	Transcriptome Profiling	Gene Expression Quantification	TARGET-NBL	TARGET-30-PALETP	TARGET-30-PALETP-01A	Primary Tumor
439824ac-3723-4835-819f-c0567a40c2bb	cefee6a3-7d49-4493-b4e5-71f67727a612.FPKM.txt.gz	Transcriptome Profiling	Gene Expression Quantification	TARGET-NBL	TARGET-30-PASCTR	TARGET-30-PASCTR-01A	Primary Tumor
ccc5b5b0-306d-4d79-83d1-9fe7e690d355	a46c4421-42d7-49b3-b109-f8bbe1e2bc83.FPKM.txt.gz	Transcriptome Profiling	Gene Expression Quantification	TARGET-NBL	TARGET-30-PAPUWY	TARGET-30-PAPUWY-01A	Primary Tumor
adeb6622-a4df-4acd-a8e1-e79f1ef28f77	9b03fbe0-5391-49a3-b13a-c9f85b51969a.FPKM.txt.gz	Transcriptome Profiling	Gene Expression Quantification	TARGET-NBL	TARGET-30-PANZVU	TARGET-30-PANZVU-01A	Primary Tumor
cd100114-49d8-4f0d-97e8-b6c118fc4bd9	d37bed89-b494-43be-939a-dd8c9bbcb050.FPKM.txt.gz	Transcriptome Profiling	Gene Expression Quantification	TARGET-NBL	TARGET-30-PASRFS	TARGET-30-PASRFS-01A	Primary Tumor
36ace95d-09b8-4ec0-9f9a-a4d20312daf2	d2208366-67b4-4dff-813f-65ac2929004d.FPKM.txt.gz	Transcriptome Profiling	Gene Expression Quantification	TARGET-NBL	TARGET-30-PASXGP	TARGET-30-PASXGP-01A	Primary Tumor
6da4a782-2255-4626-889d-1f8fa4a9a7ba	e0e404be-2759-4ac7-a309-f2a2e74b76a8.FPKM.txt.gz	Transcriptome Profiling	Gene Expression Quantification	TARGET-NBL	TARGET-30-PAPVFD	TARGET-30-PAPVFD-01A	Primary Tumor
94a695e5-4b4f-4376-aa60-f750184b2e5a	3316296d-3868-4883-bec3-a35727e0e99f.FPKM.txt.gz	Transcriptome Profiling	Gene Expression Quantification	TARGET-NBL	TARGET-30-PAPKXS	TARGET-30-PAPKXS-01A	Primary Tumor
7e9607bc-6fa6-46c9-9858-457c3356d1e5	6e22000e-049c-4d5c-b88b-b13ba26cc7ef.FPKM.txt.gz	Transcriptome Profiling	Gene Expression Quantification	TARGET-NBL	TARGET-30-PANZPV	TARGET-30-PANZPV-01A	Primary Tumor
bed2b855-f55a-4166-9ac7-addcf6f03b55	dfe77aba-f62f-44e6-80ab-d4448109b835.FPKM.txt.gz	Transcriptome Profiling	Gene Expression Quantification	TARGET-NBL	TARGET-30-PAKZRH	TARGET-30-PAKZRH-01A	Primary Tumor
4a8de80c-88ad-4dc9-8df3-ea5d64e9405c	fd140e4b-5d0e-44f9-9734-273a3d163a9b.FPKM.txt.gz	Transcriptome Profiling	Gene Expression Quantification	TARGET-NBL	TARGET-30-PAMNLH	TARGET-30-PAMNLH-01A	Primary Tumor
f1067434-cc49-4034-b7c4-9d7d85eb9e8e	2247cd0b-1358-497e-8dec-9b83ce648171.FPKM.txt.gz	Transcriptome Profiling	Gene Expression Quantification	TARGET-NBL	TARGET-30-PASCFC	TARGET-30-PASCFC-01A	Primary Tumor
c461b279-21cf-46ec-9319-f205a471da25	66ea387e-ffb9-4e84-8e48-e7a45a4635cd.FPKM.txt.gz	Transcriptome Profiling	Gene Expression Quantification	TARGET-NBL	TARGET-30-PANZRV	TARGET-30-PANZRV-01A	Primary Tumor
9bb84f2a-b89a-415e-880b-6fb57908035c	11beb765-ea25-405c-a25e-0d9bbc8d9ac3.FPKM.txt.gz	Transcriptome Profiling	Gene Expression Quantification	TARGET-NBL	TARGET-30-PALTEG	TARGET-30-PALTEG-01A	Primary Tumor
760f2796-5ad0-441d-ad2c-aea69a3fa386	f82fbb0a-1747-4e06-bbef-b63bde3c0e23.FPKM.txt.gz	Transcriptome Profiling	Gene Expression Quantification	TARGET-NBL	TARGET-30-PASTCN	TARGET-30-PASTCN-01A	Primary Tumor
23f1999e-070c-4f94-b745-3f2c1e0357b6	e271fb08-5536-417c-b3e1-45bf8edb05f6.FPKM.txt.gz	Transcriptome Profiling	Gene Expression Quantification	TARGET-NBL	TARGET-30-PAPCTS	TARGET-30-PAPCTS-01A	Primary Tumor
147814e1-4d2f-46f9-9f4e-5ded95477e0e	eaed9794-7bc4-4e23-86af-b3e572969e65.FPKM.txt.gz	Transcriptome Profiling	Gene Expression Quantification	TARGET-NBL	TARGET-30-PASWFB	TARGET-30-PASWFB-01A	Primary Tumor
7d86890e-fdce-47d8-bbe9-fcba48b8b9f2	ccdd1b35-6ab6-4428-acc5-9ec2e2638900.FPKM.txt.gz	Transcriptome Profiling	Gene Expression Quantification	TARGET-NBL	TARGET-30-PASHFA	TARGET-30-PASHFA-01A	Primary Tumor
55a664ef-16c1-4ba4-b234-f0119588699e	02c3d39a-1a70-460f-8f4b-0f32707e6370.FPKM.txt.gz	Transcriptome Profiling	Gene Expression Quantification	TARGET-NBL	TARGET-30-PATCFL	TARGET-30-PATCFL-01A	Primary Tumor
c18006c6-2499-46ee-86c6-96bcc04aa74c	e9960fc5-8a58-4ed4-bf19-f9e3d98d4d4d.FPKM.txt.gz	Transcriptome Profiling	Gene Expression Quantification	TARGET-NBL	TARGET-30-PARZIP	TARGET-30-PARZIP-01A	Primary Tumor
34dac386-7eed-4568-89b1-b1ee95086d93	14f04c0b-5eb3-482a-b48a-b240af42f852.FPKM.txt.gz	Transcriptome Profiling	Gene Expression Quantification	TARGET-NBL	TARGET-30-PATFCY	TARGET-30-PATFCY-01A	Primary Tumor
f2bb99a4-6434-421b-8766-a7da7bae3a11	40f8a82b-1e68-4068-a7ed-76b947cfdddb.FPKM.txt.gz	Transcriptome Profiling	Gene Expression Quantification	TARGET-NBL	TARGET-30-PATGLU	TARGET-30-PATGLU-01A	Primary Tumor
0133cf34-ed6d-4afb-ade9-6babc9846721	9448c803-8ac2-41bc-8e7e-8cf96361366b.FPKM.txt.gz	Transcriptome Profiling	Gene Expression Quantification	TARGET-NBL	TARGET-30-PAMBMJ	TARGET-30-PAMBMJ-01A	Primary Tumor
bbb6c05a-93da-49db-8aa3-98ff4b34422f	d5912ef5-1d89-4809-951f-20c04bb25cf2.FPKM.txt.gz	Transcriptome Profiling	Gene Expression Quantification	TARGET-NBL	TARGET-30-PAITCI	TARGET-30-PAITCI-01A	Primary Tumor
c15764be-a04b-458c-a369-acc85112205f	363959ce-3260-4aa3-ae28-c7b5a4887bd2.FPKM.txt.gz	Transcriptome Profiling	Gene Expression Quantification	TARGET-NBL	TARGET-30-PAPKWN	TARGET-30-PAPKWN-01A	Primary Tumor
a3eb109a-087c-4c1f-996f-e5973bf461fd	fc373693-616e-4880-a412-73b8c6aef5e0.FPKM.txt.gz	Transcriptome Profiling	Gene Expression Quantification	TARGET-NBL	TARGET-30-PASFIC	TARGET-30-PASFIC-01A	Primary Tumor
348e861f-9c5d-45b9-9e03-870d2d3cac93	359ad2b8-c59a-4c9b-a559-195440f25362.FPKM.txt.gz	Transcriptome Profiling	Gene Expression Quantification	TARGET-NBL	TARGET-30-PALWVJ	TARGET-30-PALWVJ-01A	Primary Tumor
6c1dada1-185e-4594-a7e3-c1ac8b99910f	b26b895e-2736-40e1-acf4-4f46e02b10d0.FPKM.txt.gz	Transcriptome Profiling	Gene Expression Quantification	TARGET-NBL	TARGET-30-PASMJG	TARGET-30-PASMJG-01A	Primary Tumor
f0dbde96-fbe8-4378-9cc9-b4a3810e1f6d	1ab3101d-71e0-44a1-9c71-04032f6765ed.FPKM.txt.gz	Transcriptome Profiling	Gene Expression Quantification	TARGET-NBL	TARGET-30-PANRHJ	TARGET-30-PANRHJ-01A	Primary Tumor
e5331dc1-03e9-47de-a6c2-7351f25ff176	da4cf602-3020-4e18-b707-96e0576df213.FPKM.txt.gz	Transcriptome Profiling	Gene Expression Quantification	TARGET-NBL	TARGET-30-PAPTAN	TARGET-30-PAPTAN-01A	Primary Tumor
beffdf52-f4ec-47d2-8a7e-46f1a4291f07	c7306b55-f89e-4168-a050-03971be9e958.FPKM.txt.gz	Transcriptome Profiling	Gene Expression Quantification	TARGET-NBL	TARGET-30-PASJZC	TARGET-30-PASJZC-01A	Primary Tumor
fb5fc687-482d-4da2-ac63-60da7e1cf1f9	305e4870-0f71-4f85-a0fa-6416711c8254.FPKM.txt.gz	Transcriptome Profiling	Gene Expression Quantification	TARGET-NBL	TARGET-30-PALCBW	TARGET-30-PALCBW-01A	Primary Tumor
7f6e6fac-dff5-4023-a3dc-d3243b1ca8f4	94375e75-6ac5-4947-8dfa-c20048ce23f7.FPKM.txt.gz	Transcriptome Profiling	Gene Expression Quantification	TARGET-NBL	TARGET-30-PASXRJ	TARGET-30-PASXRJ-01A	Primary Tumor
8be4dacc-7926-489c-9455-eca7f6f1b184	0ce4b470-718c-4b09-8a34-fb19b2791914.FPKM.txt.gz	Transcriptome Profiling	Gene Expression Quantification	TARGET-NBL	TARGET-30-PAITEG	TARGET-30-PAITEG-01A	Primary Tumor
aeb1181a-7990-4e6a-bf73-3e4df6d74874	778cb182-99af-4274-b135-08f015173419.FPKM.txt.gz	Transcriptome Profiling	Gene Expression Quantification	TARGET-NBL	TARGET-30-PASEGA	TARGET-30-PASEGA-01A	Primary Tumor
f2118bfd-9743-4555-ac4d-caf1b411e1d9	8bda33fc-1e5d-4150-b028-d15931c18eea.FPKM.txt.gz	Transcriptome Profiling	Gene Expression Quantification	TARGET-NBL	TARGET-30-PALIIN	TARGET-30-PALIIN-01A	Primary Tumor
f75560cf-b4a3-4ab1-bcfa-a10c7a507183	1a4c3693-fe62-40c3-95a4-30699d622644.FPKM.txt.gz	Transcriptome Profiling	Gene Expression Quantification	TARGET-NBL	TARGET-30-PANJLH	TARGET-30-PANJLH-01A	Primary Tumor
4ca303e4-eb04-4941-acd4-6e9ddbeb7896	8e7f5d59-0d49-477b-a3fc-6ed7b9f1d171.FPKM.txt.gz	Transcriptome Profiling	Gene Expression Quantification	TARGET-NBL	TARGET-30-PATESI	TARGET-30-PATESI-01A	Primary Tumor
31afd0c1-860e-47f8-b2ae-d012ebb80680	5a1fb3b9-392b-4d5a-93a7-715b4fab42ca.FPKM.txt.gz	Transcriptome Profiling	Gene Expression Quantification	TARGET-NBL	TARGET-30-PALKUC	TARGET-30-PALKUC-01A	Primary Tumor
ffb9771a-eca8-4f11-8fe8-18867266df38	4f9df182-1a12-4b3a-8a01-dc9ceabfa936.FPKM.txt.gz	Transcriptome Profiling	Gene Expression Quantification	TARGET-NBL	TARGET-30-PAMZMG	TARGET-30-PAMZMG-01A	Primary Tumor
8d3ecbe2-ab3b-40c9-8da5-c4b1680f4fe4	9a200379-16b8-4a5a-8cf4-e6ef74450388.FPKM.txt.gz	Transcriptome Profiling	Gene Expression Quantification	TARGET-NBL	TARGET-30-PASXRG	TARGET-30-PASXRG-01A	Primary Tumor
e4e27c48-b50b-465d-80b1-c6c317c3524b	d5b38dfa-5b4b-4f52-b938-f3339b53f295.FPKM.txt.gz	Transcriptome Profiling	Gene Expression Quantification	TARGET-NBL	TARGET-30-PAIFXV	TARGET-30-PAIFXV-01A	Primary Tumor
44f4b808-4c3b-4aa6-8d80-c00f6d6b54a1	731c52e6-af7b-4b1d-b73e-a04c884c3fe8.FPKM.txt.gz	Transcriptome Profiling	Gene Expression Quantification	TARGET-NBL	TARGET-30-PAMYCE	TARGET-30-PAMYCE-01A	Primary Tumor
cfef195b-8467-4a10-b823-10ffcb5e8db2	428fd6ac-8529-4995-aad7-33404b023454.FPKM.txt.gz	Transcriptome Profiling	Gene Expression Quantification	TARGET-NBL	TARGET-30-PATDXG	TARGET-30-PATDXG-01A	Primary Tumor
c0e0d758-4db0-40f5-b72d-b994bb8ada20	be3f42ec-c6bd-47d4-b9c1-367612dc3c9e.FPKM.txt.gz	Transcriptome Profiling	Gene Expression Quantification	TARGET-NBL	TARGET-30-PALXTB	TARGET-30-PALXTB-01A	Primary Tumor
03685fd3-9ab4-4c9b-bd5a-c39710d35da4	1b131c20-f9b7-46d7-bd38-5fe115bc3a0f.FPKM.txt.gz	Transcriptome Profiling	Gene Expression Quantification	TARGET-NBL	TARGET-30-PAPBGH	TARGET-30-PAPBGH-01A	Primary Tumor
d3c3b6de-1c07-4896-881a-1c255952b06a	cd3af81d-8ec2-4d2e-baa7-40ca99a136e1.FPKM.txt.gz	Transcriptome Profiling	Gene Expression Quantification	TARGET-NBL	TARGET-30-PARDCK	TARGET-30-PARDCK-01A	Primary Tumor
d3bcc1e6-ad10-437f-8acc-47533e6cb68c	89357d0d-87b1-4222-b054-e7a030cacb84.FPKM.txt.gz	Transcriptome Profiling	Gene Expression Quantification	TARGET-NBL	TARGET-30-PALEVG	TARGET-30-PALEVG-01A	Primary Tumor
9f9e99c5-805d-4d79-803d-62f4978f6524	7066d065-c9b3-4669-8860-477194d26312.FPKM.txt.gz	Transcriptome Profiling	Gene Expression Quantification	TARGET-NBL	TARGET-30-PAPZYZ	TARGET-30-PAPZYZ-01A	Primary Tumor
cf452f24-7c09-4462-ab92-d0d62b07ba58	ac083b91-bd97-4be3-8158-22e3860d0b92.FPKM.txt.gz	Transcriptome Profiling	Gene Expression Quantification	TARGET-NBL	TARGET-30-PAPBZI	TARGET-30-PAPBZI-01A	Primary Tumor
a5195b1c-4ae7-4247-ac03-4a33db64950a	00c8f515-dcdc-4795-ade1-ec91a9ed451e.FPKM.txt.gz	Transcriptome Profiling	Gene Expression Quantification	TARGET-NBL	TARGET-30-PARBAJ	TARGET-30-PARBAJ-01A	Primary Tumor
48ef95f4-f6b2-418e-8ab6-4e778c265f46	0caca238-0313-4dd1-b39f-f14bf2e45603.FPKM.txt.gz	Transcriptome Profiling	Gene Expression Quantification	TARGET-NBL	TARGET-30-PATDWN	TARGET-30-PATDWN-01A	Primary Tumor
1a05ff0c-ab58-4caa-b9b2-91a45581537d	54fbf39a-70b3-4bd1-a39b-597e21d77214.FPKM.txt.gz	Transcriptome Profiling	Gene Expression Quantification	TARGET-NBL	TARGET-30-PAPTCR	TARGET-30-PAPTCR-01A	Primary Tumor
e56959a8-0dad-44ae-a391-3c308f27ef7d	441c9d1b-0257-444d-bb54-29337f381518.FPKM.txt.gz	Transcriptome Profiling	Gene Expression Quantification	TARGET-NBL	TARGET-30-PANUIF	TARGET-30-PANUIF-01A	Primary Tumor
4f764394-7bf5-441b-a0d2-1318a7863809	82919025-5103-424e-97f6-e47c69d04fc3.FPKM.txt.gz	Transcriptome Profiling	Gene Expression Quantification	TARGET-NBL	TARGET-30-PATFXV	TARGET-30-PATFXV-01A	Primary Tumor
0d806dcb-6b2e-4016-b495-f580e2515c49	dada6506-6915-46a6-92d9-c4e1548c77a0.FPKM.txt.gz	Transcriptome Profiling	Gene Expression Quantification	TARGET-NBL	TARGET-30-PALUYS	TARGET-30-PALUYS-01A	Primary Tumor
15352471-a33f-4933-a385-800968c9169f	e03c47ea-5f5a-4afa-8406-8d71367d72eb.FPKM.txt.gz	Transcriptome Profiling	Gene Expression Quantification	TARGET-NBL	TARGET-30-PAPTFZ	TARGET-30-PAPTFZ-01A	Primary Tumor
177fcf38-4d22-4019-93fc-773d49088bf3	9163a399-3002-4c0b-8fbf-913efb800bfc.FPKM.txt.gz	Transcriptome Profiling	Gene Expression Quantification	TARGET-NBL	TARGET-30-PASWIJ	TARGET-30-PASWIJ-01A	Primary Tumor
16b1047e-5c15-4a9c-b768-9c2a27660ced	4aa6c2df-4d82-434a-b17e-910380f35cbb.FPKM.txt.gz	Transcriptome Profiling	Gene Expression Quantification	TARGET-NBL	TARGET-30-PASSWW	TARGET-30-PASSWW-01A	Primary Tumor
4206596d-74b6-459b-ac0c-9ffccca676b6	061c9223-974f-4e94-9ea0-e7e7a2c99003.FPKM.txt.gz	Transcriptome Profiling	Gene Expression Quantification	TARGET-NBL	TARGET-30-PATHKB	TARGET-30-PATHKB-01A	Primary Tumor
bf158a0c-e611-470d-95f0-3647bedf3718	23743c55-9cb3-4e7e-804c-a412671f71d4.FPKM.txt.gz	Transcriptome Profiling	Gene Expression Quantification	TARGET-NBL	TARGET-30-PATBMM	TARGET-30-PATBMM-01A	Primary Tumor
e77bbf7e-5fea-4bf4-81f1-68038e943493	3a101d74-ce63-4f2e-a962-a9c24b108add.FPKM.txt.gz	Transcriptome Profiling	Gene Expression Quantification	TARGET-NBL	TARGET-30-PARBGP	TARGET-30-PARBGP-01A	Primary Tumor
3845cb51-b9ad-45fe-95b9-6645dda821a8	1e5e6696-7dd2-402c-8465-38f40bcf0a1c.FPKM.txt.gz	Transcriptome Profiling	Gene Expression Quantification	TARGET-NBL	TARGET-30-PAUDDK	TARGET-30-PAUDDK-02A	Recurrent Tumor
bb6ce739-f1d9-429c-8eba-60b12b57ff1e	6706a39e-46ed-4079-8eb0-f3bb29e868af.FPKM.txt.gz	Transcriptome Profiling	Gene Expression Quantification	TARGET-NBL	TARGET-30-PATAYJ	TARGET-30-PATAYJ-01A	Primary Tumor
c60fb458-2811-4496-88f7-0718f23f338d	65bad5f7-7f3a-41db-9dc9-5c248f96dec1.FPKM.txt.gz	Transcriptome Profiling	Gene Expression Quantification	TARGET-NBL	TARGET-30-PANGXK	TARGET-30-PANGXK-01A	Primary Tumor
3d4b74c8-8981-4a0d-9cfa-37aefae51c58	ecb7c58f-2d70-4283-93f4-fb84713400e8.FPKM.txt.gz	Transcriptome Profiling	Gene Expression Quantification	TARGET-NBL	TARGET-30-PAPHPE	TARGET-30-PAPHPE-01A	Primary Tumor
16cdfdd1-73ea-452d-93e3-690b68aecb67	5269a4c6-7a09-49d6-aa52-f24f82b8d0b5.FPKM.txt.gz	Transcriptome Profiling	Gene Expression Quantification	TARGET-NBL	TARGET-30-PALVKK	TARGET-30-PALVKK-01A	Primary Tumor
117507de-abfb-42e1-b4f0-cab94fb8bf03	9dc9c25b-6851-40f5-86a4-52408511efa0.FPKM.txt.gz	Transcriptome Profiling	Gene Expression Quantification	TARGET-NBL	TARGET-30-PATDXC	TARGET-30-PATDXC-01A	Primary Tumor
80a85f04-3df7-4973-a954-3b137061c8a8	6180a6dc-1dc7-4d01-a38b-1a81641304a7.FPKM.txt.gz	Transcriptome Profiling	Gene Expression Quantification	TARGET-NBL	TARGET-30-PASNZU	TARGET-30-PASNZU-01A	Primary Tumor
c09b14f4-b335-4f50-a14b-511fb94b99ed	3846b133-3031-42ff-bd59-027112f36913.FPKM.txt.gz	Transcriptome Profiling	Gene Expression Quantification	TARGET-NBL	TARGET-30-PASZPI	TARGET-30-PASZPI-01A	Primary Tumor
fa691553-f6f3-43ba-b23a-913fb5fd67c2	dbc36d36-4478-479c-8739-d897286a6a10.FPKM.txt.gz	Transcriptome Profiling	Gene Expression Quantification	TARGET-NBL	TARGET-30-PASGUT	TARGET-30-PASGUT-01A	Primary Tumor
b8e7e631-2557-4737-a9d9-3ee77be91e04	2bceadbf-c633-4780-b438-7e39093d1cf8.FPKM.txt.gz	Transcriptome Profiling	Gene Expression Quantification	TARGET-NBL	TARGET-30-PASWVY	TARGET-30-PASWVY-01A	Primary Tumor
4878ad5f-9e76-4933-828e-24008283b6aa	49d2489c-6489-43d3-af15-8a9838c28439.FPKM.txt.gz	Transcriptome Profiling	Gene Expression Quantification	TARGET-NBL	TARGET-30-PATINJ	TARGET-30-PATINJ-01A	Primary Tumor
4cc149c6-c651-4a64-8267-0741b586139d	f3ca36e8-e4cb-43b9-aa49-56ce19bbcd37.FPKM.txt.gz	Transcriptome Profiling	Gene Expression Quantification	TARGET-NBL	TARGET-30-PASVRU	TARGET-30-PASVRU-01A	Primary Tumor
56603f78-412d-45dc-b077-7c9c17a94381	69cf48ed-22b4-4ac9-aa26-3d4dd294fe69.FPKM.txt.gz	Transcriptome Profiling	Gene Expression Quantification	TARGET-NBL	TARGET-30-PAPVRN	TARGET-30-PAPVRN-01A	Primary Tumor
21ac53a1-9d9e-456f-a13f-58ed2c84e8d5	cd796f06-ba7a-42a1-aa96-8c39018647a2.FPKM.txt.gz	Transcriptome Profiling	Gene Expression Quantification	TARGET-NBL	TARGET-30-PASNPG	TARGET-30-PASNPG-02A	Recurrent Tumor
d22e743a-2b02-4de0-a545-b8a3f32e7aeb	881b26e1-f919-489d-8c9b-f0d652a5f2da.FPKM.txt.gz	Transcriptome Profiling	Gene Expression Quantification	TARGET-NBL	TARGET-30-PATEKG	TARGET-30-PATEKG-01A	Primary Tumor
bb2e6d75-8a37-4a71-a28d-0cdace84e046	72bad95b-022f-45e2-b174-4a9e9c063251.FPKM.txt.gz	Transcriptome Profiling	Gene Expression Quantification	TARGET-NBL	TARGET-30-PASXIE	TARGET-30-PASXIE-01A	Primary Tumor
b08440a1-bc1c-4ab0-b010-3caef5465d52	f1e9c077-7df4-4abd-a30e-0fa80a09ea8d.FPKM.txt.gz	Transcriptome Profiling	Gene Expression Quantification	TARGET-NBL	TARGET-30-PARZCJ	TARGET-30-PARZCJ-01A	Primary Tumor
5a0b20ec-1edb-45f8-a61d-541b8fd4503b	fdb03476-e308-4aa8-ac40-d663362476b6.FPKM.txt.gz	Transcriptome Profiling	Gene Expression Quantification	TARGET-NBL	TARGET-30-PANYGR	TARGET-30-PANYGR-01A	Primary Tumor
a4a03050-751c-4b16-8783-75787aab983a	429d55a8-3ec7-42d5-aa55-e9e765c9ab53.FPKM.txt.gz	Transcriptome Profiling	Gene Expression Quantification	TARGET-NBL	TARGET-30-PARNNC	TARGET-30-PARNNC-01A	Primary Tumor
7ae0941c-1f9d-458e-9803-dfba81143e9d	6e9d1166-b1b0-4647-9322-6bbdf29cb653.FPKM.txt.gz	Transcriptome Profiling	Gene Expression Quantification	TARGET-NBL	TARGET-30-PARDIW	TARGET-30-PARDIW-01A	Primary Tumor
9dafb916-0e64-420c-81dc-7ffd39216863	1e558433-3d66-49df-be5b-90e4e99e3612.FPKM.txt.gz	Transcriptome Profiling	Gene Expression Quantification	TARGET-NBL	TARGET-30-PASGAP	TARGET-30-PASGAP-02A	Recurrent Tumor
64df8e25-b84f-4396-aae8-530f7775f35a	4fdf6f6d-d896-4bc9-b91b-c5f727f9b6e8.FPKM.txt.gz	Transcriptome Profiling	Gene Expression Quantification	TARGET-NBL	TARGET-30-PAUDDK	TARGET-30-PAUDDK-01A	Primary Tumor
8396d855-b471-4c37-b9ba-e99f41f4cd4c	1afe17a2-8c31-4dce-b8af-504da9baa93e.FPKM.txt.gz	Transcriptome Profiling	Gene Expression Quantification	TARGET-NBL	TARGET-30-PALBFW	TARGET-30-PALBFW-01A	Primary Tumor
5e685a84-81fa-46df-bd4c-982ded20e588	b4e322b2-ec83-47c4-8852-9a06a445192e.FPKM.txt.gz	Transcriptome Profiling	Gene Expression Quantification	TARGET-NBL	TARGET-30-PARZHA	TARGET-30-PARZHA-01A	Primary Tumor
d2658102-6c44-41f4-850f-c7bc8700eb04	da9a9aff-e8d4-4e83-989e-4430c11fe30d.FPKM.txt.gz	Transcriptome Profiling	Gene Expression Quantification	TARGET-NBL	TARGET-30-PARYNK	TARGET-30-PARYNK-01A	Primary Tumor
87a9a3bd-5bc4-4127-9b3e-d9b304258ee8	98b835e0-d6fc-494a-b999-ef45cdabe31e.FPKM.txt.gz	Transcriptome Profiling	Gene Expression Quantification	TARGET-NBL	TARGET-30-PATGJU	TARGET-30-PATGJU-01A	Primary Tumor
f701f823-69cf-43a0-be78-90487af2911e	4e8c338c-70c7-4f2b-bc9b-cd009854170c.FPKM.txt.gz	Transcriptome Profiling	Gene Expression Quantification	TARGET-NBL	TARGET-30-PANLET	TARGET-30-PANLET-01A	Primary Tumor
b0c5f2bd-50ea-4a96-b637-b4e349cfb212	9776c00a-b6f0-461f-9764-3d8aaccbccc6.FPKM.txt.gz	Transcriptome Profiling	Gene Expression Quantification	TARGET-NBL	TARGET-30-PANNMS	TARGET-30-PANNMS-01A	Primary Tumor
ed44ec37-04d4-4177-aa1d-98d227908360	7c9dd9f9-5b6d-45dc-980d-d05215587ec0.FPKM.txt.gz	Transcriptome Profiling	Gene Expression Quantification	TARGET-NBL	TARGET-30-PANRRW	TARGET-30-PANRRW-01A	Primary Tumor
b7fb434c-6ee9-450a-a9d4-de7e3eab8b5e	6b12b00b-f3bc-4294-b057-3a5dbb584921.FPKM.txt.gz	Transcriptome Profiling	Gene Expression Quantification	TARGET-NBL	TARGET-30-PAPZYP	TARGET-30-PAPZYP-01A	Primary Tumor
7481aeeb-34b3-435a-9d80-bf0731cf56a9	eb633ff5-7da5-4bdc-ad17-ff2117e67a27.FPKM.txt.gz	Transcriptome Profiling	Gene Expression Quantification	TARGET-NBL	TARGET-30-PANBSP	TARGET-30-PANBSP-01A	Primary Tumor
ae8d4504-fa62-40b1-9957-ababe764ed5e	98776e50-43b5-4ce0-a472-a27145855e4d.FPKM.txt.gz	Transcriptome Profiling	Gene Expression Quantification	TARGET-NBL	TARGET-30-PANSBN	TARGET-30-PANSBN-01A	Primary Tumor
1dbb38f0-c204-4b52-a2d3-6aeb19318fb1	510dc7b2-f9b4-4ee3-8356-5f83afd67fbe.FPKM.txt.gz	Transcriptome Profiling	Gene Expression Quantification	TARGET-NBL	TARGET-30-PAIVHE	TARGET-30-PAIVHE-01A	Primary Tumor
e96d63a9-3117-4b41-9b73-5a5e97f28ac8	3005d31f-5263-47e6-895c-8f78330d8a00.FPKM.txt.gz	Transcriptome Profiling	Gene Expression Quantification	TARGET-NBL	TARGET-30-PATYIL	TARGET-30-PATYIL-01A	Primary Tumor
c5fe15ee-aff9-4c25-9c81-af5660b3ce04	bd5c4d23-b7eb-4705-b891-89e895b0bfa3.FPKM.txt.gz	Transcriptome Profiling	Gene Expression Quantification	TARGET-NBL	TARGET-30-PATEPF	TARGET-30-PATEPF-01A	Primary Tumor
ec13a3ff-3e61-448e-914b-38b5221d6f1c	eaa62e81-8be5-4690-8245-0ed06c21c98e.FPKM.txt.gz	Transcriptome Profiling	Gene Expression Quantification	TARGET-NBL	TARGET-30-PARVLK	TARGET-30-PARVLK-01A	Primary Tumor
9f238786-2c2e-45b0-91c2-574da808fe74	705a7acb-5374-4337-914a-7af38c3a17e4.FPKM.txt.gz	Transcriptome Profiling	Gene Expression Quantification	TARGET-NBL	TARGET-30-PATNKP	TARGET-30-PATNKP-02A	Recurrent Tumor
d2408182-9684-4f62-bd9f-1388a536a03d	c5af09bc-a060-4c6c-8076-f7d0b43f4822.FPKM.txt.gz	Transcriptome Profiling	Gene Expression Quantification	TARGET-NBL	TARGET-30-PAISNS	TARGET-30-PAISNS-01A	Primary Tumor
30a2a8df-b620-4246-99d9-90e8fe6ab0ab	85113d4a-643d-4f1b-840b-fe00bafb631e.FPKM.txt.gz	Transcriptome Profiling	Gene Expression Quantification	TARGET-NBL	TARGET-30-PAPTDH	TARGET-30-PAPTDH-01A	Primary Tumor
f04c76d5-7e3a-4ec7-afb8-756c43f08694	c8ef6f4c-6676-40a1-a2b4-bb047ca9b90d.FPKM.txt.gz	Transcriptome Profiling	Gene Expression Quantification	TARGET-NBL	TARGET-30-PARACM	TARGET-30-PARACM-01A	Primary Tumor
b1dcc064-22ca-4e42-8d2e-16fd8096b650	ada4b561-d2cc-45c3-9ba6-4d039fd501f6.FPKM.txt.gz	Transcriptome Profiling	Gene Expression Quantification	TARGET-NBL	TARGET-30-PARJVP	TARGET-30-PARJVP-01A	Primary Tumor
5dbc9f37-edf3-48d1-84ba-b57193291f36	42c79809-df48-49a2-a69d-59ba97d9aa82.FPKM.txt.gz	Transcriptome Profiling	Gene Expression Quantification	TARGET-NBL	TARGET-30-PAMEZH	TARGET-30-PAMEZH-01A	Primary Tumor
6549093f-7807-48a3-9e4c-8604f7d2dc2d	816c4339-3f71-4d27-872f-f46070f6b03e.FPKM.txt.gz	Transcriptome Profiling	Gene Expression Quantification	TARGET-NBL	TARGET-30-PALNVP	TARGET-30-PALNVP-01A	Primary Tumor
a5d8b637-3039-4126-9d2a-be7b434bedc6	c8287de8-5b65-44a8-88b7-e13efd431db5.FPKM.txt.gz	Transcriptome Profiling	Gene Expression Quantification	TARGET-NBL	TARGET-30-PANXJL	TARGET-30-PANXJL-01A	Primary Tumor
4f3c65b1-4406-4ebb-9556-d708a0e7942c	d5589fcc-c841-43d5-ae2a-ce5ee0914c7e.FPKM.txt.gz	Transcriptome Profiling	Gene Expression Quantification	TARGET-NBL, TARGET-NBL	TARGET-30-PANUKV, TARGET-30-PASUML	TARGET-30-PANUKV-01A, TARGET-30-PASUML-01A	Primary Tumor, Primary Tumor
24ac2af6-c665-4bd6-a4a2-fa874c9f80fa	39929f77-9d59-4b19-8a37-2e3bbd61e673.FPKM.txt.gz	Transcriptome Profiling	Gene Expression Quantification	TARGET-NBL	TARGET-30-PALZZV	TARGET-30-PALZZV-01A	Primary Tumor
5e9d0083-dcfa-4fea-9220-3028752329a2	6329a2ab-048f-4134-abb0-1d029b1a5721.FPKM.txt.gz	Transcriptome Profiling	Gene Expression Quantification	TARGET-NBL	TARGET-30-PAPVXS	TARGET-30-PAPVXS-01A	Primary Tumor
d05c266f-37e8-4259-840e-e6e4036a792c	66d3a451-f179-4302-99e7-a1863089c2f0.FPKM.txt.gz	Transcriptome Profiling	Gene Expression Quantification	TARGET-NBL	TARGET-30-PASUML	TARGET-30-PASUML-01A	Primary Tumor
9dd46e5f-0821-412d-a20e-f2cfac5b25c7	cae343e0-3ad9-4742-bb50-2d1cc32a1209.FPKM.txt.gz	Transcriptome Profiling	Gene Expression Quantification	TARGET-NBL	TARGET-30-PAPVEB	TARGET-30-PAPVEB-04A	Recurrent Blood Derived Cancer - Bone Marrow
69c2ebea-6160-4d65-a18d-e7acee67822d	c59a6319-cd42-40f4-8001-f6be4fe4c1d6.FPKM.txt.gz	Transcriptome Profiling	Gene Expression Quantification	TARGET-NBL	TARGET-30-PAPBJE	TARGET-30-PAPBJE-01A	Primary Tumor
d11be926-8ba4-4021-91e7-d0a6463f6e04	1b53853b-c333-4ad9-a1cd-e14750e1c884.FPKM.txt.gz	Transcriptome Profiling	Gene Expression Quantification	TARGET-NBL	TARGET-30-PASWYR	TARGET-30-PASWYR-01A	Primary Tumor
e32187ab-2922-4741-a78c-99c11388ac95	94dafd70-a13b-40b2-a238-4b97a6d3f5a4.FPKM.txt.gz	Transcriptome Profiling	Gene Expression Quantification	TARGET-NBL	TARGET-30-PASSRN	TARGET-30-PASSRN-01A	Primary Tumor
c08e47e4-0bd6-43ae-a8dc-077e7f300233	14e74d6a-a9b8-4014-96b9-1864df1c394c.FPKM.txt.gz	Transcriptome Profiling	Gene Expression Quantification	TARGET-NBL	TARGET-30-PASNML	TARGET-30-PASNML-01A	Primary Tumor
690dca1c-488f-44f9-947c-a2b7a3208e95	f3815e50-5614-4282-97d9-de3ce9352070.FPKM.txt.gz	Transcriptome Profiling	Gene Expression Quantification	TARGET-NBL	TARGET-30-PASZKE	TARGET-30-PASZKE-01A	Primary Tumor
10a5ec8e-c418-4c06-b6cf-27c3b38de332	df7aa921-6acd-4497-bca6-0bb77e363af9.FPKM.txt.gz	Transcriptome Profiling	Gene Expression Quantification	TARGET-NBL	TARGET-30-PASSRS	TARGET-30-PASSRS-01A	Primary Tumor
ccdb1e76-0cd3-4b21-be62-492fae8f8192	be1aaae1-79e1-44ad-86f4-7e34bc962e85.FPKM.txt.gz	Transcriptome Profiling	Gene Expression Quantification	TARGET-NBL	TARGET-30-PASFGG	TARGET-30-PASFGG-01A	Primary Tumor
ae5008ac-70e3-40d9-8c56-cc13f524ff90	8de6cf90-332b-410c-864f-1305da952871.FPKM.txt.gz	Transcriptome Profiling	Gene Expression Quantification	TARGET-NBL	TARGET-30-PARHAM	TARGET-30-PARHAM-01A	Primary Tumor
1b871891-d106-498c-8f03-49f9c4f73552	92888c69-0e75-4fd2-9994-1dc1aca91c61.FPKM.txt.gz	Transcriptome Profiling	Gene Expression Quantification	TARGET-NBL	TARGET-30-PANBJH	TARGET-30-PANBJH-01A	Primary Tumor
cb3f8464-8ca6-42c4-8115-21f5daf4f763	34253522-71e6-480e-a832-95491686d146.FPKM.txt.gz	Transcriptome Profiling	Gene Expression Quantification	TARGET-NBL, TARGET-NBL	TARGET-30-PASYPX, TARGET-30-PAIXIF	TARGET-30-PASYPX-01A, TARGET-30-PAIXIF-01A	Primary Tumor, Primary Tumor
e5eb1644-4d7b-4bdd-98f2-6c8a40653d30	bbdc2d62-f357-403e-a9a4-c9f766e334b7.FPKM.txt.gz	Transcriptome Profiling	Gene Expression Quantification	TARGET-NBL	TARGET-30-PANBMJ	TARGET-30-PANBMJ-01A	Primary Tumor
4218ecdd-fa2b-464a-ae11-b7c53e3579f2	a7056f3e-027a-40bb-9c09-94090bb7cca6.FPKM.txt.gz	Transcriptome Profiling	Gene Expression Quantification	TARGET-NBL	TARGET-30-PASGAP	TARGET-30-PASGAP-01A	Primary Tumor
6fe37781-11d3-4889-be15-2c79a84322de	1869743c-1b77-4f7f-9e9b-7203644f3e18.FPKM.txt.gz	Transcriptome Profiling	Gene Expression Quantification	TARGET-NBL	TARGET-30-PAPUEB	TARGET-30-PAPUEB-01A	Primary Tumor
e3d97d92-b7f6-4cf1-a37a-b1481ac54274	74a9a251-862d-46d1-b8ad-cca567554ca5.FPKM.txt.gz	Transcriptome Profiling	Gene Expression Quantification	TARGET-NBL	TARGET-30-PASYPX	TARGET-30-PASYPX-01A	Primary Tumor
ad34b245-8d2c-4d89-90a6-a14991928e88	cd58ab80-85ae-4113-80a0-46a479334f36.FPKM.txt.gz	Transcriptome Profiling	Gene Expression Quantification	TARGET-NBL	TARGET-30-PAMVRA	TARGET-30-PAMVRA-01A	Primary Tumor
6ed345fe-a6d7-420c-90eb-6e22c00b31a2	6139e209-dabc-481f-a9f1-3d505ea65f11.FPKM.txt.gz	Transcriptome Profiling	Gene Expression Quantification	TARGET-NBL	TARGET-30-PAMMXF	TARGET-30-PAMMXF-01A	Primary Tumor
1ae3f4ed-6b27-4537-83ef-5ab28b77c177	938530f1-31ba-4b71-83d5-0bdbdb59f422.FPKM.txt.gz	Transcriptome Profiling	Gene Expression Quantification	TARGET-NBL	TARGET-30-PAPUNH	TARGET-30-PAPUNH-01A	Primary Tumor
d29e6b7a-4e47-4ecb-b850-c0ba0d7fecc4	5db6f7bb-1e88-442a-a138-5365fa77f5d5.FPKM.txt.gz	Transcriptome Profiling	Gene Expression Quantification	TARGET-NBL	TARGET-30-PAPTLV	TARGET-30-PAPTLV-01A	Primary Tumor
22ccd722-4b59-4718-9005-436bb71f7218	5884f40c-59a7-4e06-a2c9-1a528160f1cb.FPKM.txt.gz	Transcriptome Profiling	Gene Expression Quantification	TARGET-NBL	TARGET-30-PANKFE	TARGET-30-PANKFE-01A	Primary Tumor
5381d84b-2242-4875-b638-3d740ec5571a	b791909c-76d4-46d8-8f2d-c3bc402357db.FPKM.txt.gz	Transcriptome Profiling	Gene Expression Quantification	TARGET-NBL	TARGET-30-PAKYZS	TARGET-30-PAKYZS-01A	Primary Tumor
1563eae7-2ba6-4ca3-bff8-fd19e59df0e5	8a8adc52-d247-4d41-b32c-a670f059cdb3.FPKM.txt.gz	Transcriptome Profiling	Gene Expression Quantification	TARGET-NBL	TARGET-30-PARFWB	TARGET-30-PARFWB-01A	Primary Tumor
00070f30-8e6a-49c0-8cdf-026ee3d03438	c81103b4-a95e-490c-88e0-10c80383e205.FPKM.txt.gz	Transcriptome Profiling	Gene Expression Quantification	TARGET-NBL	TARGET-30-PAPLSD	TARGET-30-PAPLSD-01A	Primary Tumor
fba75147-7afd-4dff-b1eb-fe2559fb9913	7b26cb50-2019-453f-a8e5-0634489b4a48.FPKM.txt.gz	Transcriptome Profiling	Gene Expression Quantification	TARGET-NBL	TARGET-30-PANRVJ	TARGET-30-PANRVJ-01A	Primary Tumor
5a88cafe-8b09-4007-a500-6a8b6e00e9a1	29a72da5-b9b4-4d15-9ecb-c42138c95f4f.FPKM.txt.gz	Transcriptome Profiling	Gene Expression Quantification	TARGET-NBL	TARGET-30-PARBAJ	TARGET-30-PARBAJ-02A	Recurrent Tumor
9d861cd4-635b-4e85-a70e-fe57593de2ef	310fd11e-5c25-46d9-80e9-54bc22c36dec.FPKM.txt.gz	Transcriptome Profiling	Gene Expression Quantification	TARGET-NBL	TARGET-30-PARACS	TARGET-30-PARACS-01A	Primary Tumor
e42d5622-03dc-4b32-9764-b36b92f16e4f	35efaf5b-1a9e-42f0-a345-2fff56f4c93e.FPKM.txt.gz	Transcriptome Profiling	Gene Expression Quantification	TARGET-NBL	TARGET-30-PAMZGT	TARGET-30-PAMZGT-01A	Primary Tumor
f7f8a410-d272-4dae-b288-4baa5d34de36	dccc0820-49d8-40df-84d4-55f5315c6742.FPKM.txt.gz	Transcriptome Profiling	Gene Expression Quantification	TARGET-NBL	TARGET-30-PASNPG	TARGET-30-PASNPG-01A	Primary Tumor
c4867de1-ab05-4c10-b0c7-177003f543ee	8e5546e8-6043-4d8c-a926-9da125530883.FPKM.txt.gz	Transcriptome Profiling	Gene Expression Quantification	TARGET-NBL	TARGET-30-PAIPGU	TARGET-30-PAIPGU-01A	Primary Tumor
776ae8fe-b4f4-436b-95ff-51f148053184	6a668451-5dbf-49e3-a3ad-abc36a72cb38.FPKM.txt.gz	Transcriptome Profiling	Gene Expression Quantification	TARGET-NBL	TARGET-30-PAPICY	TARGET-30-PAPICY-01A	Primary Tumor
f12083c1-4c36-4d24-ac2d-96a0a1fb9a16	71edd401-29be-401e-b2de-f5fdca3964d2.FPKM.txt.gz	Transcriptome Profiling	Gene Expression Quantification	TARGET-NBL, TARGET-NBL	TARGET-30-PANKFE, TARGET-30-PAPUAR	TARGET-30-PANKFE-01A, TARGET-30-PAPUAR-01A	Primary Tumor, Primary Tumor
f5f1b8a2-f641-4fcc-a415-9ee7fb6eb3b2	7383de1a-7268-4572-a0eb-c73c3444e573.FPKM.txt.gz	Transcriptome Profiling	Gene Expression Quantification	TARGET-NBL	TARGET-30-PARSBI	TARGET-30-PARSBI-01A	Primary Tumor
17360acc-f06c-415d-92fa-4edcb45cdb17	161feb75-a60e-4b61-b7b7-af730262fc30.FPKM.txt.gz	Transcriptome Profiling	Gene Expression Quantification	TARGET-NBL	TARGET-30-PASMDM	TARGET-30-PASMDM-01A	Primary Tumor
9704b201-26f9-45eb-9c83-8996015efb8c	2bf3b6f4-8ee8-4164-94d7-0ddfad92de4f.FPKM.txt.gz	Transcriptome Profiling	Gene Expression Quantification	TARGET-NBL	TARGET-30-PARFRE	TARGET-30-PARFRE-01A	Primary Tumor
457412bf-0dfe-487d-b1c1-c4107f0fc621	dc48f321-8a1e-4be7-83e4-3225cd2ef850.FPKM.txt.gz	Transcriptome Profiling	Gene Expression Quantification	TARGET-NBL	TARGET-30-PATHVK	TARGET-30-PATHVK-01A	Primary Tumor
